Date,Open,High,Low,Close,Volume,Market Cap
Jun-20-2022,0.06040600218153913,0.061122366286630064,0.05767182698063416,0.06026431324470018,755082961.7777778,7859513978.637124
Jun-13-2022,0.0636674360898412,0.06556084714066814,0.0530571985160916,0.05381925871015467,994418574.993007,7525376378.9462185
Jun-06-2022,0.08118398356286037,0.08457634652301271,0.0810479593526127,0.08254844984776653,406479884.2222222,10993475137.426819
May-30-2022,0.08267375582597583,0.08826883244843586,0.08224769626831847,0.08777575550456779,500470420.8111888,11293361380.272308
May-23-2022,0.0859579945158849,0.08826072876457264,0.08230526819141357,0.08325646612687179,638063473.28223,11433393674.111494
May-16-2022,0.09303287043001136,0.09303287043001136,0.08631948407675939,0.08784271393795248,610628899.7777778,11703126317.458086
May-09-2022,0.12420070872032248,0.12515560967384762,0.10518447938919424,0.10544193189141098,954270899.6056339,15480462012.192566
May-02-2022,0.1327319963964265,0.13383205381291038,0.12796487999761572,0.13086960382550886,993348257.1119691,17422436657.308895
Apr-25-2022,0.1318798428775093,0.16737344324867626,0.12362000796056433,0.15729668769057184,2454555307.0383277,18371158538.96656
Apr-18-2022,0.13934434124852713,0.1404620192113418,0.13432764411238646,0.14021223702223823,1197705620.4444444,18228077724.367523
Apr-11-2022,0.14811107232564347,0.15132044871841072,0.13373843706218252,0.1342132571102309,2410474404.4412813,18941087762.521957
Apr-04-2022,0.14649179579951466,0.15466348599833063,0.14184344841582733,0.14857860326359287,2243760549.3333335,19385539738.580265
Mar-28-2022,0.14465235067468898,0.1524064304265626,0.14193266497640175,0.14193266497640175,1741740673.3333333,19778603153.257404
Mar-21-2022,0.11918610292580792,0.12154527264431138,0.11797269853275404,0.11920855569328906,400424928.3333333,15888217226.3856
Mar-14-2022,0.11157905402480664,0.11900525552249246,0.11062065416596376,0.11396995212715136,662052897.5555556,15060190827.13297
Mar-07-2022,0.12084887019750606,0.12255629522948323,0.11456243894350486,0.11705457169299906,524090275.4444444,15853593899.858421
Feb-28-2022,0.1235045447197615,0.13451499678942622,0.12209113173887598,0.13322776311405485,776584946,16719103959.603973
Feb-21-2022,0.13689286343762097,0.14136673442237857,0.12773236148975595,0.12773236148975595,556410463.1111112,18218034079.734383
Feb-14-2022,0.14841358928784584,0.15023584272901552,0.14364193762351704,0.14606219879528756,1411680935.5228071,19337755057.14846
Feb-07-2022,0.1541837470623704,0.17139276639820852,0.15206165052027487,0.1659238868698095,1325745884.8888888,21286257193.164856
Jan-31-2022,0.13943566748367997,0.1422872617092883,0.13679195802701857,0.14181083653532223,568992312.4444444,18457879554.05262
Jan-24-2022,0.1418803474561086,0.1418803474561086,0.12672834416133832,0.13754029237049334,1440512367.5555556,17854549594.064423
Jan-17-2022,0.1769519492357435,0.1776813632717453,0.1663806250403516,0.1713175224714153,1151351865.7777777,22634617493.483536
Jan-10-2022,0.15062672017353773,0.15218181410760312,0.13897892609378432,0.143199613240771,707345551.7777778,19564699785.001072
Jan-03-2022,0.17447494821478868,0.17447494821478868,0.16780316580052362,0.17018555685769052,796937495.1111112,22771341175.112255
Dec-27-2021,0.1898616581945712,0.1933746140478861,0.18788489821009316,0.18788489821009316,972572679.7777778,25278339605.195126
Dec-20-2021,0.16967588189220517,0.17081458939260818,0.16176355741123627,0.16711396942156198,792797567.5555556,22046032368.557034
Dec-13-2021,0.16984197618445412,0.17037859705959818,0.1525665871085805,0.15786892362104996,792364619.5335689,21530477078.758408
Dec-06-2021,0.17144366368194033,0.18041255378258747,0.15992687657209032,0.17805386557035888,1539247416.8888888,22490540825.224316
Nov-29-2021,0.20764221351559112,0.22357125591864288,0.20352812869621623,0.21568238095540335,1706843016.4444444,27850860551.066963
Nov-22-2021,0.22675582667260305,0.22675582667260305,0.21768436574594663,0.2201523744166395,1011997317.3706294,29418995697.97781
Nov-15-2021,0.2629982722826298,0.2648596723778149,0.2570333586081683,0.2572371917811224,1287245062.4895105,34506009023.15122
Nov-08-2021,0.2663462161792607,0.29459834379501426,0.26535287169463523,0.2824569081443818,3187590907.076923,36649753624.68581
Nov-01-2021,0.2804508629519089,0.2837083861266157,0.2652154163024626,0.2727008957633086,3803799439.111111,35876217721.49332
Oct-25-2021,0.2766940306692748,0.27873607937468403,0.2610104393013284,0.2637251202695517,4508116747.555555,35196234051.80561
Oct-18-2021,0.2378283110743351,0.2714837331814888,0.2378283110743351,0.2456655371824862,2734510673.4545455,32821295132.859184
Oct-11-2021,0.22976527677140743,0.23918876031043496,0.2263933698451366,0.23142293412759163,1085758290.770318,30742401294.919476
Oct-04-2021,0.2220591700244699,0.2481804135095252,0.21392207091721924,0.24196523058562708,1347099481.7777777,29443379423.369904
Sep-27-2021,0.2053746699214223,0.20937563494641917,0.2009558484515735,0.2009558484515735,687271308.2553191,26975286036.28616
Sep-20-2021,0.2338281780696605,0.2338281780696605,0.2004924747500844,0.20825145829426955,1265344489.5555556,28473344337.02977
Sep-13-2021,0.25109636493728377,0.25213386851625536,0.23072272255838452,0.2368000899871308,1446578490,31239310236.976883
Sep-06-2021,0.31441178843284395,0.318483765705476,0.3011378864405998,0.3087299016540761,1985630126.4225352,40668371992.399864
Aug-30-2021,0.2811999954377091,0.2884168451798399,0.2709991992222098,0.2720740863973899,1303544350.327526,36591874218.06718
Aug-23-2021,0.315062058789381,0.3274737022216042,0.3135593677371598,0.31734986930289016,2158335662.6666665,41847211738.629944
Aug-16-2021,0.3417062181920268,0.35042890338647126,0.3128656777471026,0.31974415764726555,5895150226.285714,43778898936.58832
Aug-09-2021,0.2399423293267156,0.26573276265944135,0.23185607375480227,0.25674985351900115,3730925202.6666665,32629406696.445415
Aug-02-2021,0.2065550359758626,0.2096187701579199,0.20248795686441365,0.20361905114453752,1178014947.1111112,26838276935.516907
Jul-26-2021,0.20070979249729,0.23336278749355524,0.200098439621893,0.20627657144961464,3302374815.6655054,28652246278.808
Jul-19-2021,0.18238726454570883,0.1834000748157381,0.17079594721966126,0.17313619959321577,1082565274,23069345862.976772
Jul-12-2021,0.2134317032454344,0.21663314742687015,0.20213599300164517,0.2069870250720338,825062629.3333334,27450976178.556465
Jul-05-2021,0.2469060729259387,0.2469060729259387,0.2278323381559509,0.2309532359903753,1097674988.4444444,30968503174.506382
Jun-28-2021,0.264331636716752,0.2653544739433124,0.2517680998268356,0.2572013015433492,2133212810.8169014,33430593572.646503
Jun-21-2021,0.2799870088629345,0.2799870088629345,0.17059528406086827,0.17755087960033752,3228833295.0320287,30823015157.186707
Jun-14-2021,0.32453679172940214,0.3356623662412744,0.3210818373343842,0.327632318424623,1637398196,42293138920.38349
Jun-07-2021,0.3628717001499804,0.3780130023613453,0.3330654394938339,0.33431422951741085,2189910540,47220296661.707375
May-31-2021,0.3011075978747446,0.32954833493316493,0.29479381290586054,0.3252051132269843,1814671888.0557492,40119731774.26488
May-24-2021,0.3097770105912936,0.37011920162381445,0.2957566105427016,0.36259789090782346,7176604487.608392,42477797157.35108
May-17-2021,0.522247343,0.522247343,0.462891573,0.49193923,10549911493.88725,64082778259.33741
May-10-2021,0.567797926,0.570425385,0.430328569,0.451174789,25830105255.236423,66137919412.91527
May-03-2021,0.379446553,0.447726172,0.379446553,0.442194277,6892526510.185908,52058647569.8059
Apr-26-2021,0.257235817,0.281158933,0.25315642,0.274032091,7399670993.384131,34849421395.6308
Apr-19-2021,0.339866562,0.449809836,0.327545971,0.421528347,31323499576.720276,50235480538.717415
Apr-12-2021,0.07727915,0.07774865,0.070769384,0.072534858,4326774081.921563,9500149541.701468
Apr-05-2021,0.058545185,0.061704841,0.05775321,0.06132462,1131986087.689606,7635850449.032092
Mar-29-2021,0.054719474,0.056293468,0.052217202,0.055154805,605077101.5096233,7083341643.223816
Mar-22-2021,0.057451383,0.057719323,0.055473127,0.055524938,523826411.5537171,7352986074.238767
Mar-15-2021,0.059002781,0.059887729,0.055482608,0.057081337,1625306063.6689286,7391162810.833338
Mar-08-2021,0.051835888,0.060823729,0.0516282,0.060823729,1925592053.078899,7197426886.831939
Mar-01-2021,0.048699299,0.051122698,0.04757579,0.050872044,1349417335.6115158,6404587035.246577
Feb-22-2021,0.05533263,0.060707287,0.048224215,0.053888714,2803801095.314125,7104072503.860523
Feb-15-2021,0.068554979,0.073075331,0.06300072,0.064350098,6529040165.652617,8742847773.675344
Feb-08-2021,0.078994736,0.08314916,0.064619616,0.079029522,16767869429.264002,9707530828.350042
Feb-01-2021,0.037187769,0.043196606,0.033658986,0.035064304,10077183002.152033,4912299105.349228
Jan-25-2021,0.008738701,0.008882557,0.00827725,0.008355098,187373492.98933434,1107917335.7449987
Jan-18-2021,0.009074682,0.009322187,0.008945699,0.009200114,259065440.9045346,1168352053.5678477
Jan-11-2021,0.009848744,0.009848744,0.006801868,0.008895593,490097855.30525696,1090621911.1675184
Jan-04-2021,0.009843244,0.011486031,0.007949334,0.009749878,2114465019.4587712,1237364969.1504915
Dec-28-2020,0.004550149,0.00471238,0.004522548,0.004609143,123585674.15883037,591731614.9860575
Dec-21-2020,0.004628306,0.005384054,0.004367048,0.004792247,700467932.0158172,617478858.4428835
Dec-14-2020,0.003271617,0.00329166,0.003201405,0.003234998,38901539.13445656,413688442.6995031
Dec-07-2020,0.003393188,0.003413162,0.003310441,0.00332992,36886823.61659551,429756783.21256554
Nov-30-2020,0.003413237,0.003601826,0.003413237,0.003574128,68537534.11379866,447876369.13347167
Nov-23-2020,0.003353517,0.003602913,0.0032409,0.003602913,120891638.82646745,429956214.9765334
Nov-16-2020,0.002746433,0.003006155,0.002735597,0.002886913,49270815.1023272,361251542.1064252
Nov-09-2020,0.002728808,0.002806032,0.002643543,0.002648969,36218789.2086781,345669774.6031263
Nov-02-2020,0.002570019,0.002593448,0.002502573,0.002528582,30805928.194317788,323934003.1849339
Oct-26-2020,0.002662048,0.002872416,0.002643268,0.002670532,64794582.80012334,348901522.13002366
Oct-19-2020,0.002593598,0.002616434,0.002578218,0.002599927,34770792.40584733,328937320.8813017
Oct-12-2020,0.002674501,0.00270524,0.002638849,0.002680055,30721417.275060613,338586916.54131025
Oct-05-2020,0.002640914,0.002652496,0.002606983,0.002623273,34973646.86634799,332805949.6167
Sep-28-2020,0.002702685,0.002739205,0.002647522,0.002654538,35856912.366093665,341675588.2626958
Sep-21-2020,0.002774468,0.002797733,0.002611652,0.002620231,134647844.90251148,342109790.2588602
Sep-14-2020,0.002779425,0.002815179,0.002736373,0.002789915,138169395.05444944,350275315.1891329
Sep-07-2020,0.002781201,0.002820787,0.002696252,0.002797453,106141929.01164244,349163966.3130838
Aug-31-2020,0.003303894,0.003306048,0.003195941,0.00321328,97764396.24781485,410911596.5034465
Aug-24-2020,0.003423725,0.003478356,0.003365163,0.003388096,62710259.952132344,430440697.3505769
Aug-17-2020,0.003549833,0.003719946,0.003473143,0.003588783,95963840.56583461,452095675.6748257
Aug-10-2020,0.00346356,0.003543138,0.003439086,0.003499031,75193542.45164616,439134066.68867344
Aug-03-2020,0.003346686,0.003449024,0.003313772,0.003388866,107179090.45010278,426313816.3817025
Jul-27-2020,0.003238836,0.003243283,0.003024097,0.003144438,90503712.05288401,397052857.7443204
Jul-20-2020,0.003379979,0.003424647,0.003164092,0.003225374,107410856.03178598,413035814.90712285
Jul-13-2020,0.003640552,0.003640552,0.003042902,0.003180773,130889041.9072699,424993439.72207576
Jul-06-2020,0.002305152,0.002616554,0.002298148,0.002616554,32730385.10186817,298934497.61950207
Jun-29-2020,0.002318241,0.002331872,0.00229828,0.002307963,29697023.24248672,289817061.77524424
Jun-22-2020,0.002442948,0.00250166,0.002436261,0.002481107,28785814.058315765,309055841.9907985
Jun-15-2020,0.002495671,0.002502382,0.00240668,0.002477541,36853224.41473373,306619907.10619473
Jun-08-2020,0.002602092,0.002604972,0.002558234,0.002584621,34124175.02154443,322445133.92969054
Jun-01-2020,0.002564358,0.00266636,0.002557696,0.002651161,36109911.68937699,322120993.50723904
May-25-2020,0.002455319,0.002542582,0.002446506,0.002532118,35470044.90621919,312302158.49738836
May-18-2020,0.002535454,0.00258554,0.002514952,0.00254061,98654285.42001565,316966395.6840971
May-11-2020,0.002455348,0.002534034,0.002314927,0.002412473,107808712.67209361,303828840.5910591
May-04-2020,0.002506792,0.00251224,0.002358837,0.002466599,97483460.13791142,304264125.68452215
Apr-27-2020,0.002407272,0.002407272,0.002299097,0.002353425,115017188.73607095,292622123.72209316
Apr-20-2020,0.00204028,0.0020517,0.001938127,0.001967548,93346699.43408479,249708574.44601622
Apr-13-2020,0.001968794,0.001969311,0.001892282,0.001958768,92964105.18160212,239273380.8625218
Apr-06-2020,0.001859051,0.001980126,0.001852054,0.001979153,92158405.49060379,238143606.19043815
Mar-30-2020,0.001726417,0.00185121,0.001717968,0.001805786,102300439.3040707,220671481.3272966
Mar-23-2020,0.00173049,0.001838578,0.001687827,0.001809572,107145389.91760643,218081838.21748334
Mar-16-2020,0.001689735,0.001696955,0.00145181,0.001602321,61114051.86968601,195176631.49481755
Mar-09-2020,0.002173906,0.002213465,0.002099143,0.002213465,50742674.31228585,265389990.86101988
Mar-02-2020,0.002282222,0.002374962,0.002256258,0.002351038,36818420.23955926,282676501.21458095
Feb-24-2020,0.002669719,0.002674384,0.002550887,0.002581527,48319666.71076964,318608881.16020906
Feb-17-2020,0.002760415,0.002766772,0.002560399,0.002719255,72728839.63028572,325747657.51322466
Feb-10-2020,0.003218886,0.003263808,0.002914259,0.002968486,94760518.84644781,371921896.7255518
Feb-03-2020,0.002449098,0.002491433,0.002422442,0.002434476,38454561.00935873,299234671.38120824
Jan-27-2020,0.002273848,0.002418874,0.002247149,0.002363338,30721982.84557851,284164017.38356584
Jan-20-2020,0.002387022,0.002402484,0.002361141,0.002379256,38798960.21820484,291528229.0472376
Jan-13-2020,0.00220174,0.002210945,0.002177649,0.002177711,24677013.62139412,268562340.2037375
Jan-06-2020,0.002051666,0.002138158,0.002048952,0.002128795,27512543.22858099,256043596.88528585
Dec-30-2019,0.002049949,0.002049949,0.00201276,0.002017988,33629008.35527135,248048509.47835064
Dec-23-2019,0.002094224,0.002110879,0.002041671,0.002058959,29428231.765412334,254382336.88612962
Dec-16-2019,0.002134029,0.002150182,0.002077771,0.00209168,32069403.7587918,259923297.63158602
Dec-09-2019,0.002186715,0.002194248,0.002158695,0.002163669,26864716.57352641,266061508.7936688
Dec-02-2019,0.002277177,0.002280451,0.002186179,0.002227718,36438509.21133517,273462511.60493016
Nov-25-2019,0.002250941,0.00231518,0.00215056,0.002259328,59232637.39292057,273154119.4147131
Nov-18-2019,0.002634231,0.00265701,0.002528805,0.002541944,56080609.21610237,318941088.0921973
Nov-11-2019,0.00275962,0.002764836,0.002665004,0.002709551,74153368.44103523,329330915.9378588
Nov-04-2019,0.002602575,0.002603678,0.00255836,0.002590127,68668830.35326067,314828581.2388399
Oct-28-2019,0.002650151,0.002719846,0.002631221,0.002631221,94268062.19590518,324650555.6780325
Oct-21-2019,0.002715833,0.002717295,0.002602987,0.002681337,61929491.684730165,324593925.01964897
Oct-14-2019,0.002439844,0.002589679,0.002421635,0.002541678,80580257.8844254,304970696.1142512
Oct-07-2019,0.002266083,0.00238373,0.002248646,0.002363808,52586398.54785563,281694283.35564476
Sep-30-2019,0.002204383,0.002409234,0.002156833,0.002380755,53561475.3063022,278515219.2390805
Sep-23-2019,0.002575856,0.00257959,0.002473017,0.002475152,41991494.96220933,306808434.5345784
Sep-16-2019,0.002442622,0.002475171,0.002415987,0.002442947,37146804.91081732,296438249.9609021
Sep-09-2019,0.002480666,0.002481521,0.002425065,0.002449645,37744451.10096652,296722406.87326884
Sep-02-2019,0.002467493,0.002602926,0.002458549,0.002592277,30577098.458606515,302787502.8224505
Aug-26-2019,0.002646845,0.002713519,0.002636533,0.002652986,30413115.112045567,321656933.81772864
Aug-19-2019,0.002767767,0.00287225,0.002749458,0.002777872,31159931.126282204,340227906.4806536
Aug-12-2019,0.003030875,0.003030897,0.002890396,0.002997575,29831833.502160117,361613838.1218842
Aug-05-2019,0.002926599,0.003274233,0.002926599,0.003138989,32182736.21706417,373469696.8836592
Jul-29-2019,0.002812427,0.00286663,0.002797858,0.002859885,21915310.44992855,341634186.2599736
Jul-22-2019,0.00305491,0.003083974,0.002936506,0.002963429,19331800.016830035,363057458.62001413
Jul-15-2019,0.00299907,0.003111107,0.002918765,0.003074998,47951724.314748384,361950488.76238906
Jul-08-2019,0.003611451,0.003625002,0.003543492,0.003593326,124565990.74219713,430615885.83795476
Jul-01-2019,0.003220354,0.00328394,0.003008975,0.003245521,32980758.77368336,383329495.47539103
Jun-24-2019,0.00351079,0.003568557,0.003307264,0.003553517,57364445.64978336,408153846.80482584
Jun-17-2019,0.003359147,0.003414614,0.003138632,0.003193172,46618961.025418825,387710532.864554
Jun-10-2019,0.003280459,0.003433724,0.003244668,0.003394121,59780940.28010801,401387706.32870275
Jun-03-2019,0.003613386,0.00364892,0.003433317,0.003437747,80434453.3364079,425378112.029081
May-27-2019,0.003281108,0.003434025,0.003221195,0.003323196,65256174.36452586,394964518.26371974
May-20-2019,0.003334464,0.003334464,0.003069453,0.00317984,56580278.68165241,381254408.17763007
May-13-2019,0.002726832,0.002870452,0.002711424,0.002789622,38326549.096674584,331542992.5978208
May-06-2019,0.002706935,0.002708195,0.002532532,0.002615995,26950299.45277829,314445093.71849316
Apr-29-2019,0.002542026,0.002557022,0.002449782,0.00247621,21208161.686168615,299797229.4415727
Apr-22-2019,0.002769554,0.002849127,0.002736647,0.002847205,63048427.650447756,331305265.20586413
Apr-15-2019,0.002922864,0.002932385,0.002773777,0.002832209,25049518.291560028,341983535.39966613
Apr-08-2019,0.003436801,0.003444626,0.003026333,0.00306174,57664425.581037715,382570005.58285385
Apr-01-2019,0.002125912,0.00259962,0.002100428,0.002481859,26587969.793414354,276061278.49826914
Mar-25-2019,0.002041158,0.002056424,0.00200989,0.002028769,12054518.90989819,241140023.23567918
Mar-18-2019,0.002079427,0.00209501,0.002055496,0.002078894,17267998.459528636,246391647.70770583
Mar-11-2019,0.001977821,0.001980284,0.001935697,0.001956465,14136106.430491492,232226514.5906617
Mar-04-2019,0.002032558,0.002049001,0.00197346,0.001989284,13852618.909744987,237432685.95680228
Feb-25-2019,0.001964101,0.002045769,0.001900543,0.00202696,21114352.317341916,234739302.96836695
Feb-18-2019,0.00201372,0.002129056,0.001988083,0.002111566,15851456.827967528,241140490.57906142
Feb-11-2019,0.001924499,0.001927129,0.001871584,0.001896909,8534341.484674862,225033601.74215528
Feb-04-2019,0.001912128,0.001947691,0.001880571,0.001913066,8729910.435147658,225406916.20476544
Jan-28-2019,0.002038288,0.002039178,0.00185847,0.001952162,9114201.630140658,232265987.963444
Jan-21-2019,0.002095701,0.002116081,0.002000786,0.002087983,10171804.603775356,245162378.36833185
Jan-14-2019,0.002109489,0.002214535,0.002099657,0.002179343,10972024.398549164,253620737.9380447
Jan-07-2019,0.002319364,0.002333394,0.002281775,0.002284507,11465500.7016864,270983932.75595796
Dec-31-2018,0.002390004,0.002428564,0.002352676,0.002360306,10729942.880955495,280555264.53495705
Dec-24-2018,0.002571846,0.002652784,0.002551025,0.002562658,12686902.769789593,305986456.2987627
Dec-17-2018,0.00212421,0.002820212,0.002123072,0.002552803,10540888.63406731,260015569.09719265
Dec-10-2018,0.002114369,0.002131396,0.002071707,0.002104521,8400377.787918117,246290462.40657908
Dec-03-2018,0.002239165,0.00224469,0.00215295,0.002179336,8884666.058757046,257278539.31068224
Nov-26-2018,0.002214185,0.002249731,0.002055078,0.002111504,10095696.020199332,252503993.4700434
Nov-19-2018,0.002645187,0.002742943,0.002415804,0.002425389,11008185.308182506,298098711.20287037
Nov-12-2018,0.003163357,0.003179984,0.003008377,0.003062885,7284742.143076339,358729318.0959477
Nov-05-2018,0.003723674,0.003736447,0.003598083,0.003609677,8721851.507747382,425816235.26587063
Oct-29-2018,0.004016895,0.004019329,0.003785991,0.003806157,11097160.973518938,453313951.0531845
Oct-22-2018,0.004486772,0.004494526,0.004347028,0.004358947,11866622.570781378,514323853.0339634
Oct-15-2018,0.0052498,0.005662705,0.00513538,0.005216857,11200582.825912269,610533791.0135393
Oct-08-2018,0.005617224,0.005682602,0.005607021,0.005629429,11261760.623903997,656545342.1264517
Oct-01-2018,0.005909206,0.006041618,0.005873342,0.005945787,11239964.650202498,692547683.107285
Sep-24-2018,0.005930393,0.006082106,0.005687467,0.005698478,11565125.049106142,674719240.6217937
Sep-17-2018,0.006552989,0.006575962,0.006160422,0.006253294,19870326.316449903,735766138.0707338
Sep-10-2018,0.005837714,0.006957037,0.005837714,0.00688192,48068305.03930353,735026551.2252796
Sep-03-2018,0.00499646,0.005584247,0.004975735,0.005279469,84976893.4952226,609783118.1904684
Aug-27-2018,0.002420828,0.002490504,0.002390585,0.002470452,2200181.6942183687,280379491.93644774
Aug-20-2018,0.002474225,0.002498346,0.002354511,0.002363163,2260205.4498990974,282226720.7940997
Aug-13-2018,0.002394804,0.002459091,0.002298462,0.002339097,2463733.417362824,276586808.13906974
Aug-06-2018,0.002848037,0.002937428,0.002736991,0.002784285,6774339.825633219,328156713.77543104
Jul-30-2018,0.003284503,0.003338753,0.003169469,0.003268081,3681487.169469996,376742335.4503698
Jul-23-2018,0.003486276,0.003598449,0.003409432,0.003435866,7087941.916266278,404522533.72219884
Jul-16-2018,0.002398042,0.002826624,0.002384477,0.002809729,4631514.538591748,289907159.53587806
Jul-09-2018,0.002656112,0.002659667,0.002584401,0.002643245,2466288.0412223577,301758798.1329666
Jul-02-2018,0.00250933,0.002757655,0.002451578,0.002729122,2938720.6196696996,295736099.12694454
Jun-25-2018,0.002520328,0.002556109,0.002433999,0.002533988,3710736.0662058564,286776563.1926634
Jun-18-2018,0.002891384,0.003015658,0.0028366,0.003003779,1993132.3458345185,332963985.8157387
Jun-11-2018,0.003142853,0.003193303,0.003071839,0.003174711,4303405.7680271715,361481301.64710164
Jun-04-2018,0.003659579,0.003676284,0.00343236,0.0035479,4806229.546493038,411875861.7012438
May-28-2018,0.003403028,0.003422899,0.003163169,0.00319009,3695136.0799981924,381200991.38195056
May-21-2018,0.004583247,0.004594334,0.004184912,0.004233604,5465286.838095617,481458104.7668716
May-14-2018,0.00449481,0.004605275,0.004253296,0.004519986,7360746.628861987,509619424.85374326
May-07-2018,0.004981204,0.005058625,0.004716124,0.004917058,8795592.472590823,549937683.9920315
Apr-30-2018,0.005470658,0.005505947,0.005229762,0.005315227,8833935.661492554,603596611.7794776
Apr-23-2018,0.00552455,0.005625023,0.00545234,0.005561375,10641418.15073784,639077675.5804565
Apr-16-2018,0.004596485,0.00491882,0.004377245,0.004587353,13013299.549031211,518801027.6862401
Apr-09-2018,0.002831208,0.002918604,0.002706589,0.002757173,3206383.03985035,323325366.15331906
Apr-02-2018,0.002719448,0.002860695,0.002695886,0.002800469,2851507.3945137407,317650085.0020782
Mar-26-2018,0.003463362,0.003508691,0.003141254,0.00327986,4110577.4499586197,383334386.2286291
Mar-19-2018,0.003172163,0.00350636,0.003154826,0.003481866,8025557.291109375,380877427.054363
Mar-12-2018,0.00418089,0.004252269,0.003785795,0.004026715,5776477.289929734,467084725.1556104
Mar-05-2018,0.005522329,0.005522329,0.005167209,0.005198272,8782993.90540613,612426764.8486024
Feb-26-2018,0.006190101,0.006521093,0.005994846,0.006376076,8300800.495833918,711286833.6543537
Feb-19-2018,0.006512095,0.006942875,0.006407482,0.006724284,9525961.668266132,750868991.5597234
Feb-12-2018,0.005002486,0.005515547,0.00498462,0.005476192,9760126.717325626,591553513.437182
Feb-05-2018,0.004379179,0.004446222,0.003339108,0.003483684,10300460.739388127,454741217.78238755
Jan-29-2018,0.007567518,0.007668904,0.006963771,0.007026967,11535580.497085966,800061458.0342315
Jan-22-2018,0.007199612,0.007576978,0.006368912,0.006774397,19346581.928392865,794947282.6313009
Jan-15-2018,0.011533395,0.012362779,0.009896101,0.009896101,44309246.72938096,1248630737.0320876
Jan-08-2018,0.016925827,0.017869254,0.013595339,0.015102503,247466823.6448424,1850131306.0293837
Jan-01-2018,0.009163542,0.009652783,0.008122727,0.008797309,51133518.37010007,970136543.3286678
Dec-25-2017,0.008372224,0.010846326,0.008318746,0.008820433,191418440.360827,1116769891.6652634
Dec-18-2017,0.006079059,0.006732733,0.005614879,0.006373897,58901379.002469055,672116426.0260719
Dec-11-2017,0.002602152,0.002916865,0.002546834,0.002822124,4306946.2808411345,324676314.5613902
Dec-04-2017,0.002170251,0.002518003,0.002168078,0.002477727,3371158.0807436216,261785839.30691507
Nov-27-2017,0.002001849,0.002045508,0.001903204,0.001996024,6824558.2624712,220678585.85257703
Nov-20-2017,0.001352513,0.001480174,0.001281568,0.001384526,17290992.711091623,158192258.83986157
Nov-13-2017,0.001072505,0.001227635,0.001025894,0.001122917,17172438.857712597,123376512.4323647
Nov-06-2017,0.001184655,0.001398252,0.001087469,0.001130089,95768072.43542206,130682283.34635778
Oct-30-2017,0.001192953,0.001220049,0.001088675,0.001104107,20237683.892077226,130843836.70092
Oct-23-2017,0.001022294,0.001097277,0.000937065,0.001056731,18957438.84398351,113933107.38655305
Oct-16-2017,0.001025398,0.001155151,0.00101226,0.001145312,29312463.60950443,132913248.30629519
Oct-09-2017,0.001072225,0.001074388,0.000939161,0.001001836,45724797.21187648,110933736.33884789
Oct-02-2017,0.001052388,0.001108569,0.001046671,0.001053989,20973538.959160183,123243332.8214667
Sep-25-2017,0.000891532,0.00118231,0.000889064,0.00113994,5021589.268292683,111300980.78717145
Sep-18-2017,0.000852793,0.000959854,0.000836997,0.000935508,7267827.560975609,99322581.90843593
Sep-11-2017,0.00139481,0.00150487,0.00138711,0.00146086,8416787.87456446,161893254.83150688
Sep-04-2017,0.00215254,0.00216926,0.00172103,0.00179915,9834098.362369338,213478909.27167055
Aug-28-2017,0.0017595,0.00182013,0.00175148,0.00180412,2756459.3031358887,198468668.0666018
Aug-21-2017,0.00170717,0.00171027,0.00164414,0.00170185,3300657.4216027874,184787911.04561076
Aug-14-2017,0.00180735,0.00182992,0.00171105,0.0017517,3819291.4583333335,196962097.2361259
Aug-07-2017,0.00190935,0.00197383,0.00188164,0.00195917,5077163.819444444,215040830.86216468
Jul-31-2017,0.001719,0.00172788,0.00163194,0.00171892,2889985.3819444445,186650842.75978598
Jul-24-2017,0.00197241,0.00200964,0.00191151,0.00197955,5621371.041666667,218018720.64779577
Jul-17-2017,0.00130721,0.0015541,0.00130303,0.00151449,4538247.951388889,155082691.20268524
Jul-10-2017,0.00233016,0.00237305,0.00186524,0.00192528,4450412.369337979,247679528.14194256
Jul-03-2017,0.00248057,0.00260119,0.00239456,0.00254709,6729115.590277778,273942205.95170766
Jun-26-2017,0.00296096,0.00304088,0.00244875,0.00273091,24717762.4,309447868.2551672
Jun-19-2017,0.00322982,0.00325323,0.00314757,0.00315398,10069047.00348432,350197019.43328637
Jun-12-2017,0.00360125,0.00360336,0.00316647,0.00327295,23139288.850174215,371817120.2387608
Jun-05-2017,0.00317889,0.00390129,0.00316941,0.00387753,40010116.72473867,384820050.17691636
May-29-2017,0.0025792,0.00284251,0.00242743,0.00272851,22068757.839721255,279086619.0025731
May-22-2017,0.00306166,0.00376615,0.0024871,0.00337988,129548124.3902439,349361484.62942487
May-15-2017,0.00127381,0.00127654,0.00109831,0.00112559,4865022.12543554,125756465.54810046
May-08-2017,0.00130453,0.00152329,0.0012489,0.00150888,27159931.358885016,155547018.1254745
May-01-2017,0.000746315,0.000764663,0.000638261,0.000684022,4398719.860627178,78568213.9735894
Apr-24-2017,0.000521851,0.000530062,0.000498247,0.000515429,2538059.825783972,56034733.905213416
Apr-17-2017,0.000453509,0.000479869,0.000447231,0.000464713,1740862.961672474,50578301.952061616
Apr-10-2017,0.000380584,0.00039856,0.000367822,0.000395162,1472022.299651568,41627550.52937798
Apr-03-2017,0.000489329,0.000632721,0.00040534,0.000419068,7090186.341463415,54398738.961804144
Mar-27-2017,0.000272114,0.000282835,0.000237758,0.00025415,837098.7491289199,29750380.940607794
Mar-20-2017,0.000235076,0.000238621,0.000226363,0.000236331,351210.81468531466,25268216.78122711
Mar-13-2017,0.000229368,0.000261492,0.000222504,0.000246848,700456.1393728222,26060258.955682863
Mar-06-2017,0.000206134,0.000212648,0.000205084,0.000205937,94512.10801393728,23107045.432806216
Feb-27-2017,0.000203079,0.000208669,0.000201575,0.000204369,99849.37152777778,22661691.291703433
Feb-20-2017,0.000207641,0.000209172,0.000203808,0.000206928,79057.875,22441169.904659733
Feb-13-2017,0.000208254,0.00021146,0.000204354,0.000207772,113667.54861111111,22717727.316274066
Feb-06-2017,0.000210912,0.000215579,0.000208226,0.000211502,94036.63194444444,22811116.271468744
Jan-30-2017,0.000204253,0.000209849,0.000203352,0.00020848,76903.09722222222,22292383.256889246
Jan-23-2017,0.000207376,0.000208998,0.000202891,0.000208037,60343.28472222222,22039013.843723506
Jan-16-2017,0.00020611,0.000211773,0.000202862,0.000207146,91609.69444444444,22391052.213538498
Jan-09-2017,0.000221025,0.000229528,0.000215551,0.000229074,135681.74305555556,23924421.558662813
Jan-02-2017,0.000227833,0.000230411,0.000221792,0.000226296,171172.52430555556,24396684.05563459
Dec-26-2016,0.000229963,0.00023423,0.000228798,0.000233181,176683.98958333334,25075571.292472314
Dec-19-2016,0.000218266,0.00022201,0.000216195,0.000218718,179666.29861111112,23297443.150861815
Dec-12-2016,0.000223432,0.00022569,0.000217672,0.000220184,164728.68292682926,23812211.91510968
Dec-05-2016,0.000216634,0.000217365,0.000207928,0.000214684,88665.18402777778,22849595.094090793
Nov-28-2016,0.00021746,0.000226105,0.000216163,0.000217774,72726.21875,23364233.472736105
Nov-21-2016,0.000218699,0.000223991,0.000216166,0.000222122,85124.99303135888,23383452.140744716
Nov-14-2016,0.00022547,0.00022547,0.000220964,0.000223125,79937.9375,23843515.867209792
Nov-07-2016,0.000221334,0.000257599,0.000219123,0.000239051,696821.0833333334,25402122.311833408
Oct-31-2016,0.000223492,0.000228508,0.000218105,0.00022181,114383.49652777778,23647178.48453775
Oct-24-2016,0.00022137,0.000221964,0.00021794,0.000218938,68801.39583333333,23400694.453211725
Oct-17-2016,0.000222646,0.000225021,0.000220701,0.000222823,84124.04166666667,23748899.653943356
Oct-10-2016,0.000227998,0.00023131,0.00022719,0.00022773,65375.555555555555,24365911.458564147
Oct-03-2016,0.000230258,0.00023691,0.000230047,0.000236253,120644.11458333333,24893364.470392954
Sep-26-2016,0.000224589,0.000229991,0.000224589,0.000228139,147576.78472222222,24216780.096984033
Sep-19-2016,0.000240025,0.000240478,0.000229585,0.000235625,148685.81944444444,24690122.315731183
Sep-12-2016,0.000226268,0.000227209,0.000223205,0.000226101,128611.21180555556,23921916.42367812
Sep-05-2016,0.000235403,0.000239306,0.000233009,0.00023625,276812.4583333333,24981990.60833144
Aug-29-2016,0.000229294,0.000229847,0.000220476,0.000225366,208702.89583333334,23646391.11338972
Aug-22-2016,0.000231564,0.000237906,0.000221928,0.000228902,206859.07317073172,24880174.649416972
Aug-15-2016,0.000244801,0.000249861,0.000234592,0.00023831,451220.38194444444,25949774.497463312
Aug-08-2016,0.000263683,0.000263683,0.000232559,0.000232668,1298469.8194444445,25514712.943188794
Aug-01-2016,0.000230459,0.000232505,0.000222505,0.000222505,113678.00347222222,24039743.93188619
Jul-25-2016,0.000248994,0.000248994,0.000241321,0.000244167,166969.24305555556,25466329.386829745
Jul-18-2016,0.000263062,0.000263459,0.000250814,0.000250814,190723.62847222222,27007062.63615255
Jul-11-2016,0.000272126,0.000293027,0.000265305,0.000268038,189834.64236111112,28419377.140439846
Jul-04-2016,0.000282217,0.000291518,0.000280138,0.000288955,272251.63194444444,30209811.94944138
Jun-27-2016,0.000284892,0.000288002,0.000278269,0.000285963,172973.52430555556,29467264.75028545
Jun-20-2016,0.000338073,0.000342086,0.000321704,0.00032381,518756.8923611111,34870614.62222629
Jun-13-2016,0.000270211,0.00030564,0.00026917,0.000295617,629416.7465277778,29483673.49279358
Jun-06-2016,0.000236611,0.000237743,0.000233041,0.000234899,92194.34027777778,24604778.32840723
May-30-2016,0.000237908,0.000245943,0.00023536,0.000238787,212396.14583333334,25024692.203860134
May-23-2016,0.000224338,0.000226297,0.000222075,0.000224448,54291.114583333336,23234657.080208074
May-16-2016,0.000230913,0.000231876,0.000225708,0.00022781,111858.30902777778,23823297.22016464
May-09-2016,0.000222309,0.000224973,0.000219898,0.000223321,64256.288194444445,23182429.765457816
May-02-2016,0.000226102,0.000231283,0.00022046,0.000227275,68564.04166666667,23375059.788194187
Apr-25-2016,0.000226673,0.000231255,0.000223949,0.000226966,156764.12847222222,23768276.35650837
Apr-18-2016,0.000226472,0.000227891,0.000219494,0.000224621,109553.87847222222,23176238.482699133
Apr-11-2016,0.000204199,0.000214503,0.000201509,0.000213448,216476.65972222222,21294526.72257811
Apr-04-2016,0.000221196,0.000223473,0.00021784,0.000220857,114758.7042253521,22790762.469556864
Mar-28-2016,0.000215881,0.000218766,0.000213464,0.000214418,158439.32638888888,22244956.255312752
Mar-21-2016,0.000214021,0.000215717,0.00020997,0.000211971,129670.48745519713,21981582.02193228
Mar-14-2016,0.000244648,0.000245754,0.000234496,0.000237239,235222.24652777778,24319734.308540583
Mar-07-2016,0.000221122,0.000240036,0.000218085,0.000230857,233542.23611111112,23590262.234772213
Feb-29-2016,0.000254411,0.000258312,0.000248317,0.00025026,225537.02777777778,26172437.805837628
Feb-22-2016,0.000285497,0.000287821,0.000281984,0.000282019,142161.37630662022,29528154.45972642
Feb-15-2016,0.000300999,0.000302414,0.000294492,0.000298076,301645.7630662021,30764604.311629646
Feb-08-2016,0.000285056,0.000299239,0.000283328,0.00028683,299813.01045296167,29792349.473328423
Feb-01-2016,0.000277032,0.000293888,0.0002592,0.000269272,1170197.756097561,28239734.322787274
Jan-25-2016,0.000193186,0.000216787,0.000190154,0.000211926,792658.8675958188,21461254.04965864
Jan-18-2016,0.000152153,0.000153256,0.00014984,0.000150618,78335.95470383276,15499165.045934778
Jan-11-2016,0.000166788,0.000177183,0.000166378,0.000170719,235537.12891986064,17546901.292531244
Jan-04-2016,0.000145759,0.000148308,0.000141694,0.000143687,95152.42857142857,14787885.30175747
Dec-28-2015,0.000144893,0.000146613,0.000137141,0.000139829,143933.53658536586,14582293.61300931
Dec-21-2015,0.000143317,0.000147439,0.00013947,0.000142372,221169.2027972028,14836979.853969961
Dec-14-2015,0.000143413,0.000149996,0.000142108,0.000146066,202825.37630662022,14918532.007097144
Dec-07-2015,0.000127579,0.000136681,0.000126105,0.000133211,122781.64111498257,13249865.246661978
Nov-30-2015,0.000130276,0.000132561,0.000126656,0.000128345,127094.818815331,13176913.32889298
Nov-23-2015,0.000127936,0.000130504,0.000127169,0.000130027,47066.52613240418,13125826.650578551
Nov-16-2015,0.000124862,0.000132371,0.00012383,0.00013102,67782.96864111499,13101335.993683102
Nov-09-2015,0.000136041,0.000139102,0.000130614,0.000134824,119152.95818815331,13710848.452066675
Nov-02-2015,0.000141312,0.000148859,0.000138007,0.000147223,124404.94425087108,14381659.357315501
Oct-26-2015,0.000115553,0.000116915,0.000113572,0.000115931,34641.620209059234,11709487.623778287
Oct-19-2015,0.000118908,0.000120936,0.000117977,0.000119202,44333.66550522648,12126629.365934597
Oct-12-2015,0.000120441,0.000120986,0.000118431,0.00011919,23836.79094076655,12131332.829054771
Oct-05-2015,0.000118435,0.000119276,0.000116758,0.000117605,44085.70383275261,11930987.823007936
Sep-28-2015,0.000121714,0.000124847,0.000120503,0.000124491,58337.22027972028,12482198.824327165
Sep-21-2015,0.000126059,0.000131557,0.000124539,0.000129778,89941.80952380953,12874050.647389235
Sep-14-2015,0.000125804,0.00012601,0.000122475,0.000124909,51351,12459634.787345432
Sep-07-2015,0.000132008,0.000133444,0.000128894,0.000129902,72441.26829268293,13254386.845370824
Aug-31-2015,0.000129079,0.000130338,0.000125813,0.000129178,41454.11149825784,13035854.60032738
Aug-24-2015,0.000137719,0.000138168,0.000124847,0.000126427,86979.77622377622,13304630.56167376
Aug-17-2015,0.000147739,0.000151396,0.000146561,0.000149999,100928.99303135888,14966258.019113554
Aug-10-2015,0.000161767,0.000164211,0.000157647,0.000159824,83279.5993031359,16139888.767188802
Aug-03-2015,0.000172481,0.000177412,0.000170459,0.000173398,116020.37630662021,17541218.5222639
Jul-27-2015,0.000187147,0.000188984,0.000182942,0.000188403,91903.67595818815,18659340.873394553
Jul-20-2015,0.000168725,0.000174962,0.000165171,0.000173413,166694.0909090909,16984795.506994024
Jul-13-2015,0.000211009,0.000211898,0.000191737,0.000199883,402656.3541666667,20007898.001387693
Jul-06-2015,0.000193827,0.000198507,0.000190543,0.00019169,370911.44444444444,19425799.29888366
Jun-29-2015,0.000203722,0.000216336,0.000202996,0.000214767,270732.52777777775,20872680.268572405
Jun-22-2015,0.000209055,0.000221014,0.000206615,0.000219292,284186.90972222225,21137243.468628347
Jun-15-2015,0.000166597,0.000171531,0.000164408,0.000169559,195549.5625,16807920.104968928
Jun-08-2015,0.000152317,0.000163133,0.000149719,0.00016294,113281.69097222222,15747661.050343595
Jun-01-2015,0.000153692,0.000157637,0.000141242,0.00014277,332345.59722222225,14867454.431681242
May-25-2015,0.000143285,0.000149028,0.000140265,0.000140413,234333.14236111112,14212561.629420392
May-18-2015,0.000115018,0.000118868,0.000113516,0.000115775,48313.07986111111,11515104.989739724
May-11-2015,0.000090193,0.000094278,0.000088251,0.000091804,56564.739583333336,9001716.294703007
May-04-2015,0.000089826,0.000093819,0.00008877,0.000088789,112530.70486111111,9029499.799484955
Apr-27-2015,0.000100427,0.000105181,0.000098919,0.000104192,56142.17361111111,9977964.120145237
Apr-20-2015,0.000106173,0.000108018,0.00010502,0.000106182,31998.508710801394,10550315.84630744
Apr-13-2015,0.00011389,0.000115143,0.000106267,0.000106622,35694.783972125435,11090727.22558085
Apr-06-2015,0.000126751,0.000127506,0.000121833,0.000124175,52531.98954703833,12292975.45091092
Mar-30-2015,0.00012687,0.000129165,0.000125569,0.000126775,47778.164750957854,12556642.555841224
Mar-23-2015,0.000132498,0.000138857,0.000131384,0.000136776,116891.76655052265,13515753.855373794
Mar-16-2015,0.000142884,0.000146058,0.000142445,0.000145186,62876.77351916376,14278104.094327178
Mar-09-2015,0.000139578,0.000144717,0.00013929,0.000143866,61886.22648083624,13972955.340349982
Mar-02-2015,0.00014576,0.000149876,0.000142654,0.000149876,75804.4181184669,14302529.638786621
Feb-23-2015,0.000141182,0.000143442,0.000139271,0.000142276,44738,13870138.293518078
Feb-16-2015,0.000141116,0.000146091,0.000138755,0.000144209,87027.30662020906,14037988.588520799
Feb-09-2015,0.000141003,0.0001426,0.000137753,0.000140338,83910.52961672474,13797208.525838576
Feb-02-2015,0.000143878,0.000151552,0.000141714,0.000150075,160322.1393728223,14065294.822349291
Jan-26-2015,0.000166359,0.000184364,0.000161782,0.000163331,568651.1254355401,16932060.73159142
Jan-19-2015,0.000140061,0.000141578,0.000136051,0.00014058,339696.8432055749,13566825.683968289
Jan-12-2015,0.000160483,0.000161926,0.000156202,0.000156202,265178.8432055749,15531749.03647633
Jan-05-2015,0.000158342,0.000166362,0.000157423,0.000161881,475687.11149825784,15721895.727767399
Dec-29-2014,0.000184039,0.000186266,0.000178402,0.000181308,322003.9303135889,17536305.992292736
Dec-22-2014,0.000193421,0.000199729,0.000191549,0.000194828,433708.85714285716,18973470.240820304
Dec-15-2014,0.000195713,0.000196337,0.000187835,0.000188541,446684.7944250871,18429632.622005604
Dec-08-2014,0.000228997,0.000232153,0.000221796,0.000221831,364351.3854166667,21749769.721620537
Dec-01-2014,0.000242059,0.000244484,0.00023954,0.000241594,288720.66319444444,23187946.460208245
Nov-24-2014,0.000250516,0.000259297,0.000241437,0.000248547,1118666.8472222222,24122253.029583413
Nov-17-2014,0.000225008,0.000232949,0.000222131,0.000224019,258545.45486111112,21785153.773249067
Nov-10-2014,0.000219141,0.000228056,0.000217982,0.000219681,336341.99305555556,21288185.13542023
Nov-03-2014,0.000221486,0.000228653,0.000214202,0.000216012,249314.77777777778,21005643.892716892
Oct-27-2014,0.000248888,0.000254452,0.000246815,0.000251623,275580.93402777775,23696346.385722056
Oct-20-2014,0.000243525,0.000243767,0.00022279,0.000232372,514516.09375,21792428.752239034
Oct-13-2014,0.000290051,0.00029097,0.000279511,0.000283981,374437.5104166667,26964867.5377158
Oct-06-2014,0.000273173,0.000312919,0.000261521,0.000296747,1278875.3472222222,26933671.026072353
Sep-29-2014,0.00039203,0.00040131,0.000378108,0.000396933,1701347.8819444445,36476775.56743276
Sep-22-2014,0.000287819,0.000301219,0.000285436,0.000298528,603148.7777777778,27173239.53453639
Sep-15-2014,0.000345148,0.00035649,0.000309499,0.000324451,5831257.777777778,30397653.46871598
Sep-08-2014,0.000188126,0.000189123,0.000165207,0.000174431,701644.6725352113,16130542.671021804
Sep-01-2014,0.000130978,0.000132577,0.000126941,0.000130654,171775.32638888888,11920568.056293063
Aug-25-2014,0.000126261,0.000126304,0.000111513,0.000112687,216513.82291666666,10804234.047936518
Aug-18-2014,0.000125626,0.000127557,0.000103495,0.000108795,193789.88194444444,10234732.028949741
Aug-11-2014,0.000159546,0.000166168,0.000143307,0.000144559,176920.40625,14010072.436248414
Aug-04-2014,0.000202828,0.000207491,0.000198392,0.000201841,236396.45486111112,18044629.276193436
Jul-28-2014,0.000216931,0.000219647,0.000202083,0.000202536,258584.38768115942,18589367.518071674
Jul-21-2014,0.000240383,0.00024097,0.000233112,0.000238376,212906.72822299652,20892846.70744994
Jul-14-2014,0.000270321,0.000272988,0.000254556,0.0002587,256227.92708333334,23090762.222973336
Jul-07-2014,0.000225943,0.00023162,0.000219211,0.00022271,167051.90714285715,19300952.977016527
Jun-30-2014,0.000269117,0.000281254,0.000263532,0.00026661,274197.9791666667,23065504.006131027
Jun-23-2014,0.000339314,0.000343263,0.000322141,0.000326166,544426.3800738007,27396064.436693795
Jun-16-2014,0.000373901,0.000378412,0.000360295,0.000365099,449700.1458333333,30642782.97872357
Jun-09-2014,0.00035957,0.000364004,0.000356917,0.000362155,361392.2229965157,29384382.32197033
Jun-02-2014,0.000402601,0.000416468,0.000391692,0.000395397,1552454.1777003484,32272533.915806275
May-26-2014,0.000426432,0.000429586,0.000398379,0.00040321,963666.4424460431,33167206.330148574
May-19-2014,0.00044848,0.000450739,0.000441537,0.000443962,334805.10069444444,34895596.497426674
May-12-2014,0.00045727,0.000460488,0.000451846,0.00045364,497779.74305555556,35309688.08365119
May-05-2014,0.000467577,0.000469919,0.000421335,0.000454225,528659.8402777778,34599570.16374578
Apr-28-2014,0.000436546,0.000500368,0.000428659,0.000480505,1128918.6961130742,33984140.09706505
Apr-21-2014,0.000629074,0.000646392,0.000613814,0.000621414,1076460.3658536586,45290203.25660138
Apr-14-2014,0.000388109,0.000465309,0.000384196,0.000461381,979571.396491228,30005976.40480076
Apr-07-2014,0.000461528,0.000470781,0.000448984,0.000457723,665641.1157894736,31376292.124425486
Mar-31-2014,0.000531291,0.000571151,0.00049599,0.000505151,1497838.125,33926902.68191972
Mar-24-2014,0.000746237,0.000759375,0.000699837,0.000743009,1182955.278169014,46431361.455045596
Mar-17-2014,0.00082225,0.00082225,0.00075702,0.000779188,1168315.407017544,47269086.84559392
Mar-10-2014,0.00087076,0.000883877,0.000778209,0.000778392,1267261.8829787234,49285568.79692108
Mar-03-2014,0.000956037,0.00111784,0.000906868,0.00109953,2442275.1470588236,55854862.03683506
Feb-24-2014,0.00117617,0.00120159,0.00105829,0.00107523,2286932.4102564105,60240845.360316895
Feb-17-2014,0.00141301,0.00148189,0.00133321,0.00134991,2830390.045248869,71784001.25193694
Feb-10-2014,0.00129071,0.00150707,0.00107933,0.00142478,3914568.143859649,61749924.78363104
Feb-03-2014,0.00127732,0.00136281,0.00122688,0.0012687,2413424.5323741008,53922863.52098976
Jan-27-2014,0.00159228,0.00167514,0.0012188,0.0012188,3732161.96,57473574.65955443
Jan-20-2014,0.000697112,0.00134123,0.000685143,0.00125309,6259144.014084507,32463609.4547121
Jan-13-2014,0.000344076,0.000344076,0.000260198,0.000277596,318621.7597173145,8218755.087741575
Jan-06-2014,0.000271455,0.00029034,0.000226427,0.000254553,264547.0401459854,5626800.40461253
Dec-30-2013,0.000452223,0.00045855,0.000415872,0.000415872,334130.13553113554,7264194.591636268
Dec-23-2013,0.000312661,0.00045953,0.000293524,0.000451185,0,4299627.578571429
Dec-16-2013,0.000299312,0.000865874,0.000150213,0.000200187,0,2110335.341772152